{"cameraMode":{"drawMode":2,"name":"Shaded Wireframe","section":"Shading Mode"},"sceneLighting":true,"audioPlay":false,"sceneViewState":{"showFog":true,"showMaterialUpdate":false,"showSkybox":true,"showFlares":true,"showImageEffects":true,"showParticleSystems":true},"in2DMode":false,"pivot":{"x":1.3467098474502564,"y":-1.472217082977295,"z":-1.1506845951080323},"rotation":{"x":-0.16359075903892518,"y":-0.5037687420845032,"z":-0.09766186028718949,"w":0.8426092267036438},"size":0.8224813342094421,"orthographic":false}